Workbook

Sheet ข้อมูลส่ 干线到车 รถถึงสายหลัก  KKN
B1: 2024.04.18 | E1: NMA转运中心干线到车统计表 บันทึกข้อมูลรถถึงสายหลัก
B2: 序号 | C2: 任务状态 | D2: 任务单 | E2: 路线 | F2: 车辆类型 | G2: 车牌号 | H2: 司机名称 | I2: 司机电话 | J2: 供应商 | K2: 计划到车时间 | L2: 实际到车时间 | M2: 卸车开始时间 | N2: 卸车结束时间 | O2: 件量 | P2: 卸车状态 | Q2: 备注
B3: NO. | C3: สถานะ | D3: เลขมอบหมายงาน | E3: รอบรถ | F3: ประเภทรถ | G3: ทะเบียน | H3: ชื่อคนขับ | I3: เบอร์คนขับ | J3: ซัพพลายเออร์ | K3: คาดการณ์ เวลารถถึง | L3: เวลารถถึง | M3: เวลาเริ่มลงพัสดุ | N3: เวลาสิ้นสุดลงพัสดุ | O3: จำนวนพัสดุ | P3: สถานะลงของ | Q3: หมายเหตุ
B34: 加班车 รถเสริม | E34: NMA转运中心干线到车统计表 บันทึกข้อมูลรถถึงสายหลัก
B35: 序号 | C35: 任务状态 | D35: 任务单 | E35: 路线 | F35: 车辆类型 | G35: 车牌号 | H35: 司机名称 | I35: 司机电话 | J35: 供应商 | K35: 计划到车时间 | L35: 实际到车时间 | M35: 卸车开始时间 | N35: 卸车结束时间 | O35: 件量 | P35: 卸车状态 | Q35: 备注
B36: NO. | C36: สถานะ | D36: เลขมอบหมายงาน | E36: รอบรถ | F36: ประเภทรถ | G36: ทะเบียน | H36: ชื่อคนขับ | I36: เบอร์คนขับ | J36: ซัพพลายเออร์ | K36: คาดการณ์ เวลารถถึง | L36: เวลารถถึง | M36: เวลาเริ่มลงพัสดุ | N36: เวลาสิ้นสุดลงพัสดุ | O36: จำนวนพัสดุ | P36: สถานะลงของ | Q36: หมายเหตุ
L38: ฃ
Q44: 加班车 รถเสริม
Q45: 在途 รถยังไม่ถึง

Sheet หน้าสูตร干线到车 รถถึงสายหลัก KKN
B2: 2025.04.17 | E2: KKN转运中心干线到车统计 บันทึกข้อมูลรถรถถึงสายหลัก
C3: 任务状态 | D3: 任务单 | E3: 路线 | F3: 车辆类型 | G3: ประเภทการขนส่ง | H3: 车牌号 | I3: 供应商 | J3: 计划到车时间 | K3: 应到车时间 | L3: เวลาปล่อยรถตามจริง | M3: 实际到车时间 | N3: เวลาที่ควรลง (ไม่เกิน2hr.) | O3: 解车时间 | P3: 卸车开始时间 | Q3: 卸车结束时间 | R3: 使用卸车时间 | S3: 件量 | T3: 卸车状态 | U3: 备注
B4: NO. | C4: สถานะ | D4: เลขมอบหมายงาน | E4: ชื่อเส้นทาง | F4: ประเภทรถ | H4: ทะเบียน | I4: ซัพพลายเออร์ | J4: คาดการณ์ เวลารถถึง | K4: เวลามาถึงโดยประมาณ | M4: เวลารถถึง | O4: เวลาเปิดตู้รถถึง | P4: เวลาเริ่มลงพัสดุ | Q4: เวลาสิ้นสุดลงพัสดุ | R4: เวลาที่ใช้ใน การลงรถ | S4: จำนวนพัสดุ | T4: สถานะลงของ | U4: หมายเหตุ
B5: 1 | C5: =_xlfn.XLOOKUP(E5,'DATA รถถึงเส้นหลัก KKN'!C:C,'DATA รถถึงเส้นหลัก KKN'!D:D) -> #N/A | D5: =_xlfn.XLOOKUP(E5,'DATA รถถึงเส้นหลัก KKN'!C:C,'DATA รถถึงเส้นหลัก KKN'!A:A) -> #N/A | E5: {=INDEX('DATA รถถึงเส้นหลัก KKN'!C:C,ROW()-3)} -> 0 | F5: =_xlfn.XLOOKUP(E5,'DATA รถถึงเส้นหลัก KKN'!C:C,'DATA รถถึงเส้นหลัก KKN'!BE:BE) -> #N/A | G5: =_xlfn.XLOOKUP(E5,'DATA รถถึงเส้นหลัก KKN'!C:C,'DATA รถถึงเส้นหลัก KKN'!G:G) -> #N/A | H5: =_xlfn.XLOOKUP(E5,'DATA รถถึงเส้นหลัก KKN'!C:C,'DATA รถถึงเส้นหลัก KKN'!J:J) -> #N/A | I5: =_xlfn.XLOOKUP(E5,'DATA รถถึงเส้นหลัก KKN'!C:C,'DATA รถถึงเส้นหลัก KKN'!AN:AN) -> #N/A | J5: =IFERROR(_xlfn.XLOOKUP(E5,'DATA รถถึงเส้นหลัก KKN'!C:C,'DATA รถถึงเส้นหลัก KKN'!AH:AH),"") | K5: =IFERROR(_xlfn.XLOOKUP(E5,'DATA รถถึงเส้นหลัก KKN'!C:C,'DATA รถถึงเส้นหลัก KKN'!AI:AI),"") | L5: =_xlfn.XLOOKUP(E5,'DATA รถถึงเส้นหลัก KKN'!B:B,'DATA รถถึงเส้นหลัก KKN'!CL:CL) -> #N/A | M5: =IFERROR(_xlfn.XLOOKUP(E5,'DATA รถถึงเส้นหลัก KKN'!C:C,'DATA รถถึงเส้นหลัก KKN'!AJ:AJ),"") | N5: =M5+TIME(2,0,0) -> #VALUE! | O5: =IFERROR(_xlfn.XLOOKUP(E5,'DATA รถถึงเส้นหลัก KKN'!C:C,'DATA รถถึงเส้นหลัก KKN'!AU:AU),"") | P5: =IFERROR(_xlfn.XLOOKUP(E5,'DATA รถถึงเส้นหลัก KKN'!C:C,'DATA รถถึงเส้นหลัก KKN'!AW:AW),"") | Q5: =IFERROR(_xlfn.XLOOKUP(E5,'DATA รถถึงเส้นหลัก KKN'!C:C,'DATA รถถึงเส้นหลัก KKN'!AX:AX),"") | R5: =IFERROR(Q5-P5,0) -> 0 | S5: =IFERROR(_xlfn.XLOOKUP(E5,'DATA รถถึงเส้นหลัก KKN'!C:C,'DATA รถถึงเส้นหลัก KKN'!T:T),0) -> 0 | T5: =IF(Q5>0,"卸完货 ลงพัสดุเสร็จ",IF(OR(M5>0,O5>0,P5>0),"正在卸货 กำลังลงพัสดุ",IF(OR(J5>0,K5>0),"在途 รถยังไม่ถึง",""))) -> 卸完货 ลงพัสดุเสร็จ | Y5: 2222 | Z5: 在途 รถยังไม่ถึง
B6: 2 | C6: =_xlfn.XLOOKUP(E6,'DATA รถถึงเส้นหลัก KKN'!C:C,'DATA รถถึงเส้นหลัก KKN'!D:D) -> #N/A | D6: =_xlfn.XLOOKUP(E6,'DATA รถถึงเส้นหลัก KKN'!C:C,'DATA รถถึงเส้นหลัก KKN'!A:A) -> #N/A | E6: {=INDEX('DATA รถถึงเส้นหลัก KKN'!C:C,ROW()-3)} -> 0 | F6: =_xlfn.XLOOKUP(E6,'DATA รถถึงเส้นหลัก KKN'!C:C,'DATA รถถึงเส้นหลัก KKN'!BE:BE) -> #N/A | G6: =_xlfn.XLOOKUP(E6,'DATA รถถึงเส้นหลัก KKN'!C:C,'DATA รถถึงเส้นหลัก KKN'!G:G) -> #N/A | H6: =_xlfn.XLOOKUP(E6,'DATA รถถึงเส้นหลัก KKN'!C:C,'DATA รถถึงเส้นหลัก KKN'!J:J) -> #N/A | I6: =_xlfn.XLOOKUP(E6,'DATA รถถึงเส้นหลัก KKN'!C:C,'DATA รถถึงเส้นหลัก KKN'!AN:AN) -> #N/A | J6: =IFERROR(_xlfn.XLOOKUP(E6,'DATA รถถึงเส้นหลัก KKN'!C:C,'DATA รถถึงเส้นหลัก KKN'!AH:AH),"") | K6: =IFERROR(_xlfn.XLOOKUP(E6,'DATA รถถึงเส้นหลัก KKN'!C:C,'DATA รถถึงเส้นหลัก KKN'!AI:AI),"") | L6: =_xlfn.XLOOKUP(E6,'DATA รถถึงเส้นหลัก KKN'!B:B,'DATA รถถึงเส้นหลัก KKN'!CL:CL) -> #N/A | M6: =IFERROR(_xlfn.XLOOKUP(E6,'DATA รถถึงเส้นหลัก KKN'!C:C,'DATA รถถึงเส้นหลัก KKN'!AJ:AJ),"") | N6: =M6+TIME(2,0,0) -> #VALUE! | O6: =IFERROR(_xlfn.XLOOKUP(E6,'DATA รถถึงเส้นหลัก KKN'!C:C,'DATA รถถึงเส้นหลัก KKN'!AU:AU),"") | P6: =IFERROR(_xlfn.XLOOKUP(E6,'DATA รถถึงเส้นหลัก KKN'!C:C,'DATA รถถึงเส้นหลัก KKN'!AW:AW),"") | Q6: =IFERROR(_xlfn.XLOOKUP(E6,'DATA รถถึงเส้นหลัก KKN'!C:C,'DATA รถถึงเส้นหลัก KKN'!AX:AX),"") | R6: =IFERROR(Q6-P6,0) -> 0 | S6: =IFERROR(_xlfn.XLOOKUP(E6,'DATA รถถึงเส้นหลัก KKN'!C:C,'DATA รถถึงเส้นหลัก KKN'!T:T),0) -> 0 | T6: =IF(Q6>0,"卸完货 ลงพัสดุเสร็จ",IF(OR(M6>0,O6>0,P6>0),"正在卸货 กำลังลงพัสดุ",IF(OR(J6>0,K6>0),"在途 รถยังไม่ถึง",""))) -> 卸完货 ลงพัสดุเสร็จ | Y6: 2836 | Z6: 等卸货 รอลงพัสดุ
B7: 3 | C7: =_xlfn.XLOOKUP(E7,'DATA รถถึงเส้นหลัก KKN'!C:C,'DATA รถถึงเส้นหลัก KKN'!D:D) -> #N/A | D7: =_xlfn.XLOOKUP(E7,'DATA รถถึงเส้นหลัก KKN'!C:C,'DATA รถถึงเส้นหลัก KKN'!A:A) -> #N/A | E7: {=INDEX('DATA รถถึงเส้นหลัก KKN'!C:C,ROW()-3)} -> 0 | F7: =_xlfn.XLOOKUP(E7,'DATA รถถึงเส้นหลัก KKN'!C:C,'DATA รถถึงเส้นหลัก KKN'!BE:BE) -> #N/A | G7: =_xlfn.XLOOKUP(E7,'DATA รถถึงเส้นหลัก KKN'!C:C,'DATA รถถึงเส้นหลัก KKN'!G:G) -> #N/A | H7: =_xlfn.XLOOKUP(E7,'DATA รถถึงเส้นหลัก KKN'!C:C,'DATA รถถึงเส้นหลัก KKN'!J:J) -> #N/A | I7: =_xlfn.XLOOKUP(E7,'DATA รถถึงเส้นหลัก KKN'!C:C,'DATA รถถึงเส้นหลัก KKN'!AN:AN) -> #N/A | J7: =IFERROR(_xlfn.XLOOKUP(E7,'DATA รถถึงเส้นหลัก KKN'!C:C,'DATA รถถึงเส้นหลัก KKN'!AH:AH),"") | K7: =IFERROR(_xlfn.XLOOKUP(E7,'DATA รถถึงเส้นหลัก KKN'!C:C,'DATA รถถึงเส้นหลัก KKN'!AI:AI),"") | L7: =_xlfn.XLOOKUP(E7,'DATA รถถึงเส้นหลัก KKN'!B:B,'DATA รถถึงเส้นหลัก KKN'!CL:CL) -> #N/A | M7: =IFERROR(_xlfn.XLOOKUP(E7,'DATA รถถึงเส้นหลัก KKN'!C:C,'DATA รถถึงเส้นหลัก KKN'!AJ:AJ),"") | N7: =M7+TIME(2,0,0) -> #VALUE! | O7: =IFERROR(_xlfn.XLOOKUP(E7,'DATA รถถึงเส้นหลัก KKN'!C:C,'DATA รถถึงเส้นหลัก KKN'!AU:AU),"") | P7: =IFERROR(_xlfn.XLOOKUP(E7,'DATA รถถึงเส้นหลัก KKN'!C:C,'DATA รถถึงเส้นหลัก KKN'!AW:AW),"") | Q7: =IFERROR(_xlfn.XLOOKUP(E7,'DATA รถถึงเส้นหลัก KKN'!C:C,'DATA รถถึงเส้นหลัก KKN'!AX:AX),"") | R7: =IFERROR(Q7-P7,0) -> 0 | S7: =IFERROR(_xlfn.XLOOKUP(E7,'DATA รถถึงเส้นหลัก KKN'!C:C,'DATA รถถึงเส้นหลัก KKN'!T:T),0) -> 0 | T7: =IF(Q7>0,"卸完货 ลงพัสดุเสร็จ",IF(OR(M7>0,O7>0,P7>0),"正在卸货 กำลังลงพัสดุ",IF(OR(J7>0,K7>0),"在途 รถยังไม่ถึง",""))) -> 卸完货 ลงพัสดุเสร็จ | Y7: 6394
B8: 4 | C8: =_xlfn.XLOOKUP(E8,'DATA รถถึงเส้นหลัก KKN'!C:C,'DATA รถถึงเส้นหลัก KKN'!D:D) -> #N/A | D8: =_xlfn.XLOOKUP(E8,'DATA รถถึงเส้นหลัก KKN'!C:C,'DATA รถถึงเส้นหลัก KKN'!A:A) -> #N/A | E8: {=INDEX('DATA รถถึงเส้นหลัก KKN'!C:C,ROW()-3)} -> 0 | F8: =_xlfn.XLOOKUP(E8,'DATA รถถึงเส้นหลัก KKN'!C:C,'DATA รถถึงเส้นหลัก KKN'!BE:BE) -> #N/A | G8: =_xlfn.XLOOKUP(E8,'DATA รถถึงเส้นหลัก KKN'!C:C,'DATA รถถึงเส้นหลัก KKN'!G:G) -> #N/A | H8: =_xlfn.XLOOKUP(E8,'DATA รถถึงเส้นหลัก KKN'!C:C,'DATA รถถึงเส้นหลัก KKN'!J:J) -> #N/A | I8: =_xlfn.XLOOKUP(E8,'DATA รถถึงเส้นหลัก KKN'!C:C,'DATA รถถึงเส้นหลัก KKN'!AN:AN) -> #N/A | J8: =IFERROR(_xlfn.XLOOKUP(E8,'DATA รถถึงเส้นหลัก KKN'!C:C,'DATA รถถึงเส้นหลัก KKN'!AH:AH),"") | K8: =IFERROR(_xlfn.XLOOKUP(E8,'DATA รถถึงเส้นหลัก KKN'!C:C,'DATA รถถึงเส้นหลัก KKN'!AI:AI),"") | L8: =_xlfn.XLOOKUP(E8,'DATA รถถึงเส้นหลัก KKN'!B:B,'DATA รถถึงเส้นหลัก KKN'!CL:CL) -> #N/A | M8: =IFERROR(_xlfn.XLOOKUP(E8,'DATA รถถึงเส้นหลัก KKN'!C:C,'DATA รถถึงเส้นหลัก KKN'!AJ:AJ),"") | N8: =M8+TIME(2,0,0) -> #VALUE! | O8: =IFERROR(_xlfn.XLOOKUP(E8,'DATA รถถึงเส้นหลัก KKN'!C:C,'DATA รถถึงเส้นหลัก KKN'!AU:AU),"") | P8: =IFERROR(_xlfn.XLOOKUP(E8,'DATA รถถึงเส้นหลัก KKN'!C:C,'DATA รถถึงเส้นหลัก KKN'!AW:AW),"") | Q8: =IFERROR(_xlfn.XLOOKUP(E8,'DATA รถถึงเส้นหลัก KKN'!C:C,'DATA รถถึงเส้นหลัก KKN'!AX:AX),"") | R8: =IFERROR(Q8-P8,0) -> 0 | S8: =IFERROR(_xlfn.XLOOKUP(E8,'DATA รถถึงเส้นหลัก KKN'!C:C,'DATA รถถึงเส้นหลัก KKN'!T:T),0) -> 0 | T8: =IF(Q8>0,"卸完货 ลงพัสดุเสร็จ",IF(OR(M8>0,O8>0,P8>0),"正在卸货 กำลังลงพัสดุ",IF(OR(J8>0,K8>0),"在途 รถยังไม่ถึง",""))) -> 卸完货 ลงพัสดุเสร็จ | Y8: 6002 | Z8: 车晚到 ถึงเลท
B9: 5 | C9: =_xlfn.XLOOKUP(E9,'DATA รถถึงเส้นหลัก KKN'!C:C,'DATA รถถึงเส้นหลัก KKN'!D:D) -> #N/A | D9: =_xlfn.XLOOKUP(E9,'DATA รถถึงเส้นหลัก KKN'!C:C,'DATA รถถึงเส้นหลัก KKN'!A:A) -> #N/A | E9: {=INDEX('DATA รถถึงเส้นหลัก KKN'!C:C,ROW()-3)} -> 0 | F9: =_xlfn.XLOOKUP(E9,'DATA รถถึงเส้นหลัก KKN'!C:C,'DATA รถถึงเส้นหลัก KKN'!BE:BE) -> #N/A | G9: =_xlfn.XLOOKUP(E9,'DATA รถถึงเส้นหลัก KKN'!C:C,'DATA รถถึงเส้นหลัก KKN'!G:G) -> #N/A | H9: =_xlfn.XLOOKUP(E9,'DATA รถถึงเส้นหลัก KKN'!C:C,'DATA รถถึงเส้นหลัก KKN'!J:J) -> #N/A | I9: =_xlfn.XLOOKUP(E9,'DATA รถถึงเส้นหลัก KKN'!C:C,'DATA รถถึงเส้นหลัก KKN'!AN:AN) -> #N/A | J9: =IFERROR(_xlfn.XLOOKUP(E9,'DATA รถถึงเส้นหลัก KKN'!C:C,'DATA รถถึงเส้นหลัก KKN'!AH:AH),"") | K9: =IFERROR(_xlfn.XLOOKUP(E9,'DATA รถถึงเส้นหลัก KKN'!C:C,'DATA รถถึงเส้นหลัก KKN'!AI:AI),"") | L9: =_xlfn.XLOOKUP(E9,'DATA รถถึงเส้นหลัก KKN'!B:B,'DATA รถถึงเส้นหลัก KKN'!CL:CL) -> #N/A | M9: =IFERROR(_xlfn.XLOOKUP(E9,'DATA รถถึงเส้นหลัก KKN'!C:C,'DATA รถถึงเส้นหลัก KKN'!AJ:AJ),"") | N9: =M9+TIME(2,0,0) -> #VALUE! | O9: =IFERROR(_xlfn.XLOOKUP(E9,'DATA รถถึงเส้นหลัก KKN'!C:C,'DATA รถถึงเส้นหลัก KKN'!AU:AU),"") | P9: =IFERROR(_xlfn.XLOOKUP(E9,'DATA รถถึงเส้นหลัก KKN'!C:C,'DATA รถถึงเส้นหลัก KKN'!AW:AW),"") | Q9: =IFERROR(_xlfn.XLOOKUP(E9,'DATA รถถึงเส้นหลัก KKN'!C:C,'DATA รถถึงเส้นหลัก KKN'!AX:AX),"") | R9: =IFERROR(Q9-P9,0) -> 0 | S9: =IFERROR(_xlfn.XLOOKUP(E9,'DATA รถถึงเส้นหลัก KKN'!C:C,'DATA รถถึงเส้นหลัก KKN'!T:T),0) -> 0 | T9: =IF(Q9>0,"卸完货 ลงพัสดุเสร็จ",IF(OR(M9>0,O9>0,P9>0),"正在卸货 กำลังลงพัสดุ",IF(OR(J9>0,K9>0),"在途 รถยังไม่ถึง",""))) -> 卸完货 ลงพัสดุเสร็จ | Y9: 2143 | Z9: 准时到车 ถึงตรง
B10: 6 | C10: =_xlfn.XLOOKUP(E10,'DATA รถถึงเส้นหลัก KKN'!C:C,'DATA รถถึงเส้นหลัก KKN'!D:D) -> #N/A | D10: =_xlfn.XLOOKUP(E10,'DATA รถถึงเส้นหลัก KKN'!C:C,'DATA รถถึงเส้นหลัก KKN'!A:A) -> #N/A | E10: {=INDEX('DATA รถถึงเส้นหลัก KKN'!C:C,ROW()-3)} -> 0 | F10: =_xlfn.XLOOKUP(E10,'DATA รถถึงเส้นหลัก KKN'!C:C,'DATA รถถึงเส้นหลัก KKN'!BE:BE) -> #N/A | G10: =_xlfn.XLOOKUP(E10,'DATA รถถึงเส้นหลัก KKN'!C:C,'DATA รถถึงเส้นหลัก KKN'!G:G) -> #N/A | H10: =_xlfn.XLOOKUP(E10,'DATA รถถึงเส้นหลัก KKN'!C:C,'DATA รถถึงเส้นหลัก KKN'!J:J) -> #N/A | I10: =_xlfn.XLOOKUP(E10,'DATA รถถึงเส้นหลัก KKN'!C:C,'DATA รถถึงเส้นหลัก KKN'!AN:AN) -> #N/A | J10: =IFERROR(_xlfn.XLOOKUP(E10,'DATA รถถึงเส้นหลัก KKN'!C:C,'DATA รถถึงเส้นหลัก KKN'!AH:AH),"") | K10: =IFERROR(_xlfn.XLOOKUP(E10,'DATA รถถึงเส้นหลัก KKN'!C:C,'DATA รถถึงเส้นหลัก KKN'!AI:AI),"") | L10: =_xlfn.XLOOKUP(E10,'DATA รถถึงเส้นหลัก KKN'!B:B,'DATA รถถึงเส้นหลัก KKN'!CL:CL) -> #N/A | M10: =IFERROR(_xlfn.XLOOKUP(E10,'DATA รถถึงเส้นหลัก KKN'!C:C,'DATA รถถึงเส้นหลัก KKN'!AJ:AJ),"") | N10: =M10+TIME(2,0,0) -> #VALUE! | O10: =IFERROR(_xlfn.XLOOKUP(E10,'DATA รถถึงเส้นหลัก KKN'!C:C,'DATA รถถึงเส้นหลัก KKN'!AU:AU),"") | P10: =IFERROR(_xlfn.XLOOKUP(E10,'DATA รถถึงเส้นหลัก KKN'!C:C,'DATA รถถึงเส้นหลัก KKN'!AW:AW),"") | Q10: =IFERROR(_xlfn.XLOOKUP(E10,'DATA รถถึงเส้นหลัก KKN'!C:C,'DATA รถถึงเส้นหลัก KKN'!AX:AX),"") | R10: =IFERROR(Q10-P10,0) -> 0 | S10: =IFERROR(_xlfn.XLOOKUP(E10,'DATA รถถึงเส้นหลัก KKN'!C:C,'DATA รถถึงเส้นหลัก KKN'!T:T),0) -> 0 | T10: =IF(Q10>0,"卸完货 ลงพัสดุเสร็จ",IF(OR(M10>0,O10>0,P10>0),"正在卸货 กำลังลงพัสดุ",IF(OR(J10>0,K10>0),"在途 รถยังไม่ถึง",""))) -> 卸完货 ลงพัสดุเสร็จ | Y10: 2887 | Z10: 到车 ถึงเเล้ว
B11: 7 | C11: =_xlfn.XLOOKUP(E11,'DATA รถถึงเส้นหลัก KKN'!C:C,'DATA รถถึงเส้นหลัก KKN'!D:D) -> #N/A | D11: =_xlfn.XLOOKUP(E11,'DATA รถถึงเส้นหลัก KKN'!C:C,'DATA รถถึงเส้นหลัก KKN'!A:A) -> #N/A | E11: {=INDEX('DATA รถถึงเส้นหลัก KKN'!C:C,ROW()-3)} -> 0 | F11: =_xlfn.XLOOKUP(E11,'DATA รถถึงเส้นหลัก KKN'!C:C,'DATA รถถึงเส้นหลัก KKN'!BE:BE) -> #N/A | G11: =_xlfn.XLOOKUP(E11,'DATA รถถึงเส้นหลัก KKN'!C:C,'DATA รถถึงเส้นหลัก KKN'!G:G) -> #N/A | H11: =_xlfn.XLOOKUP(E11,'DATA รถถึงเส้นหลัก KKN'!C:C,'DATA รถถึงเส้นหลัก KKN'!J:J) -> #N/A | I11: =_xlfn.XLOOKUP(E11,'DATA รถถึงเส้นหลัก KKN'!C:C,'DATA รถถึงเส้นหลัก KKN'!AN:AN) -> #N/A | J11: =IFERROR(_xlfn.XLOOKUP(E11,'DATA รถถึงเส้นหลัก KKN'!C:C,'DATA รถถึงเส้นหลัก KKN'!AH:AH),"") | K11: =IFERROR(_xlfn.XLOOKUP(E11,'DATA รถถึงเส้นหลัก KKN'!C:C,'DATA รถถึงเส้นหลัก KKN'!AI:AI),"") | L11: =_xlfn.XLOOKUP(E11,'DATA รถถึงเส้นหลัก KKN'!B:B,'DATA รถถึงเส้นหลัก KKN'!CL:CL) -> #N/A | M11: =IFERROR(_xlfn.XLOOKUP(E11,'DATA รถถึงเส้นหลัก KKN'!C:C,'DATA รถถึงเส้นหลัก KKN'!AJ:AJ),"") | N11: =M11+TIME(2,0,0) -> #VALUE! | O11: =IFERROR(_xlfn.XLOOKUP(E11,'DATA รถถึงเส้นหลัก KKN'!C:C,'DATA รถถึงเส้นหลัก KKN'!AU:AU),"") | P11: =IFERROR(_xlfn.XLOOKUP(E11,'DATA รถถึงเส้นหลัก KKN'!C:C,'DATA รถถึงเส้นหลัก KKN'!AW:AW),"") | Q11: =IFERROR(_xlfn.XLOOKUP(E11,'DATA รถถึงเส้นหลัก KKN'!C:C,'DATA รถถึงเส้นหลัก KKN'!AX:AX),"") | R11: =IFERROR(Q11-P11,0) -> 0 | S11: =IFERROR(_xlfn.XLOOKUP(E11,'DATA รถถึงเส้นหลัก KKN'!C:C,'DATA รถถึงเส้นหลัก KKN'!T:T),0) -> 0 | T11: =IF(Q11>0,"卸完货 ลงพัสดุเสร็จ",IF(OR(M11>0,O11>0,P11>0),"正在卸货 กำลังลงพัสดุ",IF(OR(J11>0,K11>0),"在途 รถยังไม่ถึง",""))) -> 卸完货 ลงพัสดุเสร็จ | Y11: 3594
B12: 8 | C12: =_xlfn.XLOOKUP(E12,'DATA รถถึงเส้นหลัก KKN'!C:C,'DATA รถถึงเส้นหลัก KKN'!D:D) -> #N/A | D12: =_xlfn.XLOOKUP(E12,'DATA รถถึงเส้นหลัก KKN'!C:C,'DATA รถถึงเส้นหลัก KKN'!A:A) -> #N/A | E12: {=INDEX('DATA รถถึงเส้นหลัก KKN'!C:C,ROW()-3)} -> 0 | F12: =_xlfn.XLOOKUP(E12,'DATA รถถึงเส้นหลัก KKN'!C:C,'DATA รถถึงเส้นหลัก KKN'!BE:BE) -> #N/A | G12: =_xlfn.XLOOKUP(E12,'DATA รถถึงเส้นหลัก KKN'!C:C,'DATA รถถึงเส้นหลัก KKN'!G:G) -> #N/A | H12: =_xlfn.XLOOKUP(E12,'DATA รถถึงเส้นหลัก KKN'!C:C,'DATA รถถึงเส้นหลัก KKN'!J:J) -> #N/A | I12: =_xlfn.XLOOKUP(E12,'DATA รถถึงเส้นหลัก KKN'!C:C,'DATA รถถึงเส้นหลัก KKN'!AN:AN) -> #N/A | J12: =IFERROR(_xlfn.XLOOKUP(E12,'DATA รถถึงเส้นหลัก KKN'!C:C,'DATA รถถึงเส้นหลัก KKN'!AH:AH),"") | K12: =IFERROR(_xlfn.XLOOKUP(E12,'DATA รถถึงเส้นหลัก KKN'!C:C,'DATA รถถึงเส้นหลัก KKN'!AI:AI),"") | L12: =_xlfn.XLOOKUP(E12,'DATA รถถึงเส้นหลัก KKN'!B:B,'DATA รถถึงเส้นหลัก KKN'!CL:CL) -> #N/A | M12: =IFERROR(_xlfn.XLOOKUP(E12,'DATA รถถึงเส้นหลัก KKN'!C:C,'DATA รถถึงเส้นหลัก KKN'!AJ:AJ),"") | N12: =M12+TIME(2,0,0) -> #VALUE! | O12: =IFERROR(_xlfn.XLOOKUP(E12,'DATA รถถึงเส้นหลัก KKN'!C:C,'DATA รถถึงเส้นหลัก KKN'!AU:AU),"") | P12: =IFERROR(_xlfn.XLOOKUP(E12,'DATA รถถึงเส้นหลัก KKN'!C:C,'DATA รถถึงเส้นหลัก KKN'!AW:AW),"") | Q12: =IFERROR(_xlfn.XLOOKUP(E12,'DATA รถถึงเส้นหลัก KKN'!C:C,'DATA รถถึงเส้นหลัก KKN'!AX:AX),"") | R12: =IFERROR(Q12-P12,0) -> 0 | S12: =IFERROR(_xlfn.XLOOKUP(E12,'DATA รถถึงเส้นหลัก KKN'!C:C,'DATA รถถึงเส้นหลัก KKN'!T:T),0) -> 0 | T12: =IF(Q12>0,"卸完货 ลงพัสดุเสร็จ",IF(OR(M12>0,O12>0,P12>0),"正在卸货 กำลังลงพัสดุ",IF(OR(J12>0,K12>0),"在途 รถยังไม่ถึง",""))) -> 卸完货 ลงพัสดุเสร็จ | Y12: 4467
B13: 9 | C13: =_xlfn.XLOOKUP(E13,'DATA รถถึงเส้นหลัก KKN'!C:C,'DATA รถถึงเส้นหลัก KKN'!D:D) -> #N/A | D13: =_xlfn.XLOOKUP(E13,'DATA รถถึงเส้นหลัก KKN'!C:C,'DATA รถถึงเส้นหลัก KKN'!A:A) -> #N/A | E13: {=INDEX('DATA รถถึงเส้นหลัก KKN'!C:C,ROW()-3)} -> 0 | F13: =_xlfn.XLOOKUP(E13,'DATA รถถึงเส้นหลัก KKN'!C:C,'DATA รถถึงเส้นหลัก KKN'!BE:BE) -> #N/A | G13: =_xlfn.XLOOKUP(E13,'DATA รถถึงเส้นหลัก KKN'!C:C,'DATA รถถึงเส้นหลัก KKN'!G:G) -> #N/A | H13: =_xlfn.XLOOKUP(E13,'DATA รถถึงเส้นหลัก KKN'!C:C,'DATA รถถึงเส้นหลัก KKN'!J:J) -> #N/A | I13: =_xlfn.XLOOKUP(E13,'DATA รถถึงเส้นหลัก KKN'!C:C,'DATA รถถึงเส้นหลัก KKN'!AN:AN) -> #N/A | J13: =IFERROR(_xlfn.XLOOKUP(E13,'DATA รถถึงเส้นหลัก KKN'!C:C,'DATA รถถึงเส้นหลัก KKN'!AH:AH),"") | K13: =IFERROR(_xlfn.XLOOKUP(E13,'DATA รถถึงเส้นหลัก KKN'!C:C,'DATA รถถึงเส้นหลัก KKN'!AI:AI),"") | L13: =_xlfn.XLOOKUP(E13,'DATA รถถึงเส้นหลัก KKN'!B:B,'DATA รถถึงเส้นหลัก KKN'!CL:CL) -> #N/A | M13: =IFERROR(_xlfn.XLOOKUP(E13,'DATA รถถึงเส้นหลัก KKN'!C:C,'DATA รถถึงเส้นหลัก KKN'!AJ:AJ),"") | N13: =M13+TIME(2,0,0) -> #VALUE! | O13: =IFERROR(_xlfn.XLOOKUP(E13,'DATA รถถึงเส้นหลัก KKN'!C:C,'DATA รถถึงเส้นหลัก KKN'!AU:AU),"") | P13: =IFERROR(_xlfn.XLOOKUP(E13,'DATA รถถึงเส้นหลัก KKN'!C:C,'DATA รถถึงเส้นหลัก KKN'!AW:AW),"") | Q13: =IFERROR(_xlfn.XLOOKUP(E13,'DATA รถถึงเส้นหลัก KKN'!C:C,'DATA รถถึงเส้นหลัก KKN'!AX:AX),"") | R13: =IFERROR(Q13-P13,0) -> 0 | S13: =IFERROR(_xlfn.XLOOKUP(E13,'DATA รถถึงเส้นหลัก KKN'!C:C,'DATA รถถึงเส้นหลัก KKN'!T:T),0) -> 0 | T13: =IF(Q13>0,"卸完货 ลงพัสดุเสร็จ",IF(OR(M13>0,O13>0,P13>0),"正在卸货 กำลังลงพัสดุ",IF(OR(J13>0,K13>0),"在途 รถยังไม่ถึง",""))) -> 卸完货 ลงพัสดุเสร็จ | Y13: 5401
B14: 10 | C14: =_xlfn.XLOOKUP(E14,'DATA รถถึงเส้นหลัก KKN'!C:C,'DATA รถถึงเส้นหลัก KKN'!D:D) -> #N/A | D14: =_xlfn.XLOOKUP(E14,'DATA รถถึงเส้นหลัก KKN'!C:C,'DATA รถถึงเส้นหลัก KKN'!A:A) -> #N/A | E14: {=INDEX('DATA รถถึงเส้นหลัก KKN'!C:C,ROW()-3)} -> 0 | F14: =_xlfn.XLOOKUP(E14,'DATA รถถึงเส้นหลัก KKN'!C:C,'DATA รถถึงเส้นหลัก KKN'!BE:BE) -> #N/A | G14: =_xlfn.XLOOKUP(E14,'DATA รถถึงเส้นหลัก KKN'!C:C,'DATA รถถึงเส้นหลัก KKN'!G:G) -> #N/A | H14: =_xlfn.XLOOKUP(E14,'DATA รถถึงเส้นหลัก KKN'!C:C,'DATA รถถึงเส้นหลัก KKN'!J:J) -> #N/A | I14: =_xlfn.XLOOKUP(E14,'DATA รถถึงเส้นหลัก KKN'!C:C,'DATA รถถึงเส้นหลัก KKN'!AN:AN) -> #N/A | J14: =IFERROR(_xlfn.XLOOKUP(E14,'DATA รถถึงเส้นหลัก KKN'!C:C,'DATA รถถึงเส้นหลัก KKN'!AH:AH),"") | K14: =IFERROR(_xlfn.XLOOKUP(E14,'DATA รถถึงเส้นหลัก KKN'!C:C,'DATA รถถึงเส้นหลัก KKN'!AI:AI),"") | L14: =_xlfn.XLOOKUP(E14,'DATA รถถึงเส้นหลัก KKN'!B:B,'DATA รถถึงเส้นหลัก KKN'!CL:CL) -> #N/A | M14: =IFERROR(_xlfn.XLOOKUP(E14,'DATA รถถึงเส้นหลัก KKN'!C:C,'DATA รถถึงเส้นหลัก KKN'!AJ:AJ),"") | N14: =M14+TIME(2,0,0) -> #VALUE! | O14: =IFERROR(_xlfn.XLOOKUP(E14,'DATA รถถึงเส้นหลัก KKN'!C:C,'DATA รถถึงเส้นหลัก KKN'!AU:AU),"") | P14: =IFERROR(_xlfn.XLOOKUP(E14,'DATA รถถึงเส้นหลัก KKN'!C:C,'DATA รถถึงเส้นหลัก KKN'!AW:AW),"") | Q14: =IFERROR(_xlfn.XLOOKUP(E14,'DATA รถถึงเส้นหลัก KKN'!C:C,'DATA รถถึงเส้นหลัก KKN'!AX:AX),"") | R14: =IFERROR(Q14-P14,0) -> 0 | S14: =IFERROR(_xlfn.XLOOKUP(E14,'DATA รถถึงเส้นหลัก KKN'!C:C,'DATA รถถึงเส้นหลัก KKN'!T:T),0) -> 0 | T14: =IF(Q14>0,"卸完货 ลงพัสดุเสร็จ",IF(OR(M14>0,O14>0,P14>0),"正在卸货 กำลังลงพัสดุ",IF(OR(J14>0,K14>0),"在途 รถยังไม่ถึง",""))) -> 卸完货 ลงพัสดุเสร็จ | Y14: 6842
B15: 11 | C15: =_xlfn.XLOOKUP(E15,'DATA รถถึงเส้นหลัก KKN'!C:C,'DATA รถถึงเส้นหลัก KKN'!D:D) -> #N/A | D15: =_xlfn.XLOOKUP(E15,'DATA รถถึงเส้นหลัก KKN'!C:C,'DATA รถถึงเส้นหลัก KKN'!A:A) -> #N/A | E15: {=INDEX('DATA รถถึงเส้นหลัก KKN'!C:C,ROW()-3)} -> 0 | F15: =_xlfn.XLOOKUP(E15,'DATA รถถึงเส้นหลัก KKN'!C:C,'DATA รถถึงเส้นหลัก KKN'!BE:BE) -> #N/A | G15: =_xlfn.XLOOKUP(E15,'DATA รถถึงเส้นหลัก KKN'!C:C,'DATA รถถึงเส้นหลัก KKN'!G:G) -> #N/A | H15: =_xlfn.XLOOKUP(E15,'DATA รถถึงเส้นหลัก KKN'!C:C,'DATA รถถึงเส้นหลัก KKN'!J:J) -> #N/A | I15: =_xlfn.XLOOKUP(E15,'DATA รถถึงเส้นหลัก KKN'!C:C,'DATA รถถึงเส้นหลัก KKN'!AN:AN) -> #N/A | J15: =IFERROR(_xlfn.XLOOKUP(E15,'DATA รถถึงเส้นหลัก KKN'!C:C,'DATA รถถึงเส้นหลัก KKN'!AH:AH),"") | K15: =IFERROR(_xlfn.XLOOKUP(E15,'DATA รถถึงเส้นหลัก KKN'!C:C,'DATA รถถึงเส้นหลัก KKN'!AI:AI),"") | L15: =_xlfn.XLOOKUP(E15,'DATA รถถึงเส้นหลัก KKN'!B:B,'DATA รถถึงเส้นหลัก KKN'!CL:CL) -> #N/A | M15: =IFERROR(_xlfn.XLOOKUP(E15,'DATA รถถึงเส้นหลัก KKN'!C:C,'DATA รถถึงเส้นหลัก KKN'!AJ:AJ),"") | N15: =M15+TIME(2,0,0) -> #VALUE! | O15: =IFERROR(_xlfn.XLOOKUP(E15,'DATA รถถึงเส้นหลัก KKN'!C:C,'DATA รถถึงเส้นหลัก KKN'!AU:AU),"") | P15: =IFERROR(_xlfn.XLOOKUP(E15,'DATA รถถึงเส้นหลัก KKN'!C:C,'DATA รถถึงเส้นหลัก KKN'!AW:AW),"") | Q15: =IFERROR(_xlfn.XLOOKUP(E15,'DATA รถถึงเส้นหลัก KKN'!C:C,'DATA รถถึงเส้นหลัก KKN'!AX:AX),"") | R15: =IFERROR(Q15-P15,0) -> 0 | S15: =IFERROR(_xlfn.XLOOKUP(E15,'DATA รถถึงเส้นหลัก KKN'!C:C,'DATA รถถึงเส้นหลัก KKN'!T:T),0) -> 0 | T15: =IF(Q15>0,"卸完货 ลงพัสดุเสร็จ",IF(OR(M15>0,O15>0,P15>0),"正在卸货 กำลังลงพัสดุ",IF(OR(J15>0,K15>0),"在途 รถยังไม่ถึง",""))) -> 卸完货 ลงพัสดุเสร็จ | Y15: 3959
B16: 12 | C16: =_xlfn.XLOOKUP(E16,'DATA รถถึงเส้นหลัก KKN'!C:C,'DATA รถถึงเส้นหลัก KKN'!D:D) -> #N/A | D16: =_xlfn.XLOOKUP(E16,'DATA รถถึงเส้นหลัก KKN'!C:C,'DATA รถถึงเส้นหลัก KKN'!A:A) -> #N/A | E16: {=INDEX('DATA รถถึงเส้นหลัก KKN'!C:C,ROW()-3)} -> 0 | F16: =_xlfn.XLOOKUP(E16,'DATA รถถึงเส้นหลัก KKN'!C:C,'DATA รถถึงเส้นหลัก KKN'!BE:BE) -> #N/A | G16: =_xlfn.XLOOKUP(E16,'DATA รถถึงเส้นหลัก KKN'!C:C,'DATA รถถึงเส้นหลัก KKN'!G:G) -> #N/A | H16: =_xlfn.XLOOKUP(E16,'DATA รถถึงเส้นหลัก KKN'!C:C,'DATA รถถึงเส้นหลัก KKN'!J:J) -> #N/A | I16: =_xlfn.XLOOKUP(E16,'DATA รถถึงเส้นหลัก KKN'!C:C,'DATA รถถึงเส้นหลัก KKN'!AN:AN) -> #N/A | J16: =IFERROR(_xlfn.XLOOKUP(E16,'DATA รถถึงเส้นหลัก KKN'!C:C,'DATA รถถึงเส้นหลัก KKN'!AH:AH),"") | K16: =IFERROR(_xlfn.XLOOKUP(E16,'DATA รถถึงเส้นหลัก KKN'!C:C,'DATA รถถึงเส้นหลัก KKN'!AI:AI),"") | L16: =_xlfn.XLOOKUP(E16,'DATA รถถึงเส้นหลัก KKN'!B:B,'DATA รถถึงเส้นหลัก KKN'!CL:CL) -> #N/A | M16: =IFERROR(_xlfn.XLOOKUP(E16,'DATA รถถึงเส้นหลัก KKN'!C:C,'DATA รถถึงเส้นหลัก KKN'!AJ:AJ),"") | N16: =M16+TIME(2,0,0) -> #VALUE! | O16: =IFERROR(_xlfn.XLOOKUP(E16,'DATA รถถึงเส้นหลัก KKN'!C:C,'DATA รถถึงเส้นหลัก KKN'!AU:AU),"") | P16: =IFERROR(_xlfn.XLOOKUP(E16,'DATA รถถึงเส้นหลัก KKN'!C:C,'DATA รถถึงเส้นหลัก KKN'!AW:AW),"") | Q16: =IFERROR(_xlfn.XLOOKUP(E16,'DATA รถถึงเส้นหลัก KKN'!C:C,'DATA รถถึงเส้นหลัก KKN'!AX:AX),"") | R16: =IFERROR(Q16-P16,0) -> 0 | S16: =IFERROR(_xlfn.XLOOKUP(E16,'DATA รถถึงเส้นหลัก KKN'!C:C,'DATA รถถึงเส้นหลัก KKN'!T:T),0) -> 0 | T16: =IF(Q16>0,"卸完货 ลงพัสดุเสร็จ",IF(OR(M16>0,O16>0,P16>0),"正在卸货 กำลังลงพัสดุ",IF(OR(J16>0,K16>0),"在途 รถยังไม่ถึง",""))) -> 卸完货 ลงพัสดุเสร็จ | Y16: 8951
B17: 13 | C17: =_xlfn.XLOOKUP(E17,'DATA รถถึงเส้นหลัก KKN'!C:C,'DATA รถถึงเส้นหลัก KKN'!D:D) -> #N/A | D17: =_xlfn.XLOOKUP(E17,'DATA รถถึงเส้นหลัก KKN'!C:C,'DATA รถถึงเส้นหลัก KKN'!A:A) -> #N/A | E17: {=INDEX('DATA รถถึงเส้นหลัก KKN'!C:C,ROW()-3)} -> 0 | F17: =_xlfn.XLOOKUP(E17,'DATA รถถึงเส้นหลัก KKN'!C:C,'DATA รถถึงเส้นหลัก KKN'!BE:BE) -> #N/A | G17: =_xlfn.XLOOKUP(E17,'DATA รถถึงเส้นหลัก KKN'!C:C,'DATA รถถึงเส้นหลัก KKN'!G:G) -> #N/A | H17: =_xlfn.XLOOKUP(E17,'DATA รถถึงเส้นหลัก KKN'!C:C,'DATA รถถึงเส้นหลัก KKN'!J:J) -> #N/A | I17: =_xlfn.XLOOKUP(E17,'DATA รถถึงเส้นหลัก KKN'!C:C,'DATA รถถึงเส้นหลัก KKN'!AN:AN) -> #N/A | J17: =IFERROR(_xlfn.XLOOKUP(E17,'DATA รถถึงเส้นหลัก KKN'!C:C,'DATA รถถึงเส้นหลัก KKN'!AH:AH),"") | K17: =IFERROR(_xlfn.XLOOKUP(E17,'DATA รถถึงเส้นหลัก KKN'!C:C,'DATA รถถึงเส้นหลัก KKN'!AI:AI),"") | L17: =_xlfn.XLOOKUP(E17,'DATA รถถึงเส้นหลัก KKN'!B:B,'DATA รถถึงเส้นหลัก KKN'!CL:CL) -> #N/A | M17: =IFERROR(_xlfn.XLOOKUP(E17,'DATA รถถึงเส้นหลัก KKN'!C:C,'DATA รถถึงเส้นหลัก KKN'!AJ:AJ),"") | N17: =M17+TIME(2,0,0) -> #VALUE! | O17: =IFERROR(_xlfn.XLOOKUP(E17,'DATA รถถึงเส้นหลัก KKN'!C:C,'DATA รถถึงเส้นหลัก KKN'!AU:AU),"") | P17: =IFERROR(_xlfn.XLOOKUP(E17,'DATA รถถึงเส้นหลัก KKN'!C:C,'DATA รถถึงเส้นหลัก KKN'!AW:AW),"") | Q17: =IFERROR(_xlfn.XLOOKUP(E17,'DATA รถถึงเส้นหลัก KKN'!C:C,'DATA รถถึงเส้นหลัก KKN'!AX:AX),"") | R17: =IFERROR(Q17-P17,0) -> 0 | S17: =IFERROR(_xlfn.XLOOKUP(E17,'DATA รถถึงเส้นหลัก KKN'!C:C,'DATA รถถึงเส้นหลัก KKN'!T:T),0) -> 0 | T17: =IF(Q17>0,"卸完货 ลงพัสดุเสร็จ",IF(OR(M17>0,O17>0,P17>0),"正在卸货 กำลังลงพัสดุ",IF(OR(J17>0,K17>0),"在途 รถยังไม่ถึง",""))) -> 卸完货 ลงพัสดุเสร็จ | Y17: 14586
B18: 14 | C18: =_xlfn.XLOOKUP(E18,'DATA รถถึงเส้นหลัก KKN'!C:C,'DATA รถถึงเส้นหลัก KKN'!D:D) -> #N/A | D18: =_xlfn.XLOOKUP(E18,'DATA รถถึงเส้นหลัก KKN'!C:C,'DATA รถถึงเส้นหลัก KKN'!A:A) -> #N/A | E18: {=INDEX('DATA รถถึงเส้นหลัก KKN'!C:C,ROW()-3)} -> 0 | F18: =_xlfn.XLOOKUP(E18,'DATA รถถึงเส้นหลัก KKN'!C:C,'DATA รถถึงเส้นหลัก KKN'!BE:BE) -> #N/A | G18: =_xlfn.XLOOKUP(E18,'DATA รถถึงเส้นหลัก KKN'!C:C,'DATA รถถึงเส้นหลัก KKN'!G:G) -> #N/A | H18: =_xlfn.XLOOKUP(E18,'DATA รถถึงเส้นหลัก KKN'!C:C,'DATA รถถึงเส้นหลัก KKN'!J:J) -> #N/A | I18: =_xlfn.XLOOKUP(E18,'DATA รถถึงเส้นหลัก KKN'!C:C,'DATA รถถึงเส้นหลัก KKN'!AN:AN) -> #N/A | J18: =IFERROR(_xlfn.XLOOKUP(E18,'DATA รถถึงเส้นหลัก KKN'!C:C,'DATA รถถึงเส้นหลัก KKN'!AH:AH),"") | K18: =IFERROR(_xlfn.XLOOKUP(E18,'DATA รถถึงเส้นหลัก KKN'!C:C,'DATA รถถึงเส้นหลัก KKN'!AI:AI),"") | L18: =_xlfn.XLOOKUP(E18,'DATA รถถึงเส้นหลัก KKN'!B:B,'DATA รถถึงเส้นหลัก KKN'!CL:CL) -> #N/A | M18: =IFERROR(_xlfn.XLOOKUP(E18,'DATA รถถึงเส้นหลัก KKN'!C:C,'DATA รถถึงเส้นหลัก KKN'!AJ:AJ),"") | N18: =M18+TIME(2,0,0) -> #VALUE! | O18: =IFERROR(_xlfn.XLOOKUP(E18,'DATA รถถึงเส้นหลัก KKN'!C:C,'DATA รถถึงเส้นหลัก KKN'!AU:AU),"") | P18: =IFERROR(_xlfn.XLOOKUP(E18,'DATA รถถึงเส้นหลัก KKN'!C:C,'DATA รถถึงเส้นหลัก KKN'!AW:AW),"") | Q18: =IFERROR(_xlfn.XLOOKUP(E18,'DATA รถถึงเส้นหลัก KKN'!C:C,'DATA รถถึงเส้นหลัก KKN'!AX:AX),"") | R18: =IFERROR(Q18-P18,0) -> 0 | S18: =IFERROR(_xlfn.XLOOKUP(E18,'DATA รถถึงเส้นหลัก KKN'!C:C,'DATA รถถึงเส้นหลัก KKN'!T:T),0) -> 0 | T18: =IF(Q18>0,"卸完货 ลงพัสดุเสร็จ",IF(OR(M18>0,O18>0,P18>0),"正在卸货 กำลังลงพัสดุ",IF(OR(J18>0,K18>0),"在途 รถยังไม่ถึง",""))) -> 卸完货 ลงพัสดุเสร็จ | Y18: 10642
B19: 15 | C19: =_xlfn.XLOOKUP(E19,'DATA รถถึงเส้นหลัก KKN'!C:C,'DATA รถถึงเส้นหลัก KKN'!D:D) -> #N/A | D19: =_xlfn.XLOOKUP(E19,'DATA รถถึงเส้นหลัก KKN'!C:C,'DATA รถถึงเส้นหลัก KKN'!A:A) -> #N/A | E19: {=INDEX('DATA รถถึงเส้นหลัก KKN'!C:C,ROW()-3)} -> 0 | F19: =_xlfn.XLOOKUP(E19,'DATA รถถึงเส้นหลัก KKN'!C:C,'DATA รถถึงเส้นหลัก KKN'!BE:BE) -> #N/A | G19: =_xlfn.XLOOKUP(E19,'DATA รถถึงเส้นหลัก KKN'!C:C,'DATA รถถึงเส้นหลัก KKN'!G:G) -> #N/A | H19: =_xlfn.XLOOKUP(E19,'DATA รถถึงเส้นหลัก KKN'!C:C,'DATA รถถึงเส้นหลัก KKN'!J:J) -> #N/A | I19: =_xlfn.XLOOKUP(E19,'DATA รถถึงเส้นหลัก KKN'!C:C,'DATA รถถึงเส้นหลัก KKN'!AN:AN) -> #N/A | J19: =IFERROR(_xlfn.XLOOKUP(E19,'DATA รถถึงเส้นหลัก KKN'!C:C,'DATA รถถึงเส้นหลัก KKN'!AH:AH),"") | K19: =IFERROR(_xlfn.XLOOKUP(E19,'DATA รถถึงเส้นหลัก KKN'!C:C,'DATA รถถึงเส้นหลัก KKN'!AI:AI),"") | L19: =_xlfn.XLOOKUP(E19,'DATA รถถึงเส้นหลัก KKN'!B:B,'DATA รถถึงเส้นหลัก KKN'!CL:CL) -> #N/A | M19: =IFERROR(_xlfn.XLOOKUP(E19,'DATA รถถึงเส้นหลัก KKN'!C:C,'DATA รถถึงเส้นหลัก KKN'!AJ:AJ),"") | N19: =M19+TIME(2,0,0) -> #VALUE! | O19: =IFERROR(_xlfn.XLOOKUP(E19,'DATA รถถึงเส้นหลัก KKN'!C:C,'DATA รถถึงเส้นหลัก KKN'!AU:AU),"") | P19: =IFERROR(_xlfn.XLOOKUP(E19,'DATA รถถึงเส้นหลัก KKN'!C:C,'DATA รถถึงเส้นหลัก KKN'!AW:AW),"") | Q19: =IFERROR(_xlfn.XLOOKUP(E19,'DATA รถถึงเส้นหลัก KKN'!C:C,'DATA รถถึงเส้นหลัก KKN'!AX:AX),"") | R19: =IFERROR(Q19-P19,0) -> 0 | S19: =IFERROR(_xlfn.XLOOKUP(E19,'DATA รถถึงเส้นหลัก KKN'!C:C,'DATA รถถึงเส้นหลัก KKN'!T:T),0) -> 0 | T19: =IF(Q19>0,"卸完货 ลงพัสดุเสร็จ",IF(OR(M19>0,O19>0,P19>0),"正在卸货 กำลังลงพัสดุ",IF(OR(J19>0,K19>0),"在途 รถยังไม่ถึง",""))) -> 卸完货 ลงพัสดุเสร็จ | Y19: 7324
B20: 16 | C20: =_xlfn.XLOOKUP(E20,'DATA รถถึงเส้นหลัก KKN'!C:C,'DATA รถถึงเส้นหลัก KKN'!D:D) -> #N/A | D20: =_xlfn.XLOOKUP(E20,'DATA รถถึงเส้นหลัก KKN'!C:C,'DATA รถถึงเส้นหลัก KKN'!A:A) -> #N/A | E20: {=INDEX('DATA รถถึงเส้นหลัก KKN'!C:C,ROW()-3)} -> 0 | F20: =_xlfn.XLOOKUP(E20,'DATA รถถึงเส้นหลัก KKN'!C:C,'DATA รถถึงเส้นหลัก KKN'!BE:BE) -> #N/A | G20: =_xlfn.XLOOKUP(E20,'DATA รถถึงเส้นหลัก KKN'!C:C,'DATA รถถึงเส้นหลัก KKN'!G:G) -> #N/A | H20: =_xlfn.XLOOKUP(E20,'DATA รถถึงเส้นหลัก KKN'!C:C,'DATA รถถึงเส้นหลัก KKN'!J:J) -> #N/A | I20: =_xlfn.XLOOKUP(E20,'DATA รถถึงเส้นหลัก KKN'!C:C,'DATA รถถึงเส้นหลัก KKN'!AN:AN) -> #N/A | J20: =IFERROR(_xlfn.XLOOKUP(E20,'DATA รถถึงเส้นหลัก KKN'!C:C,'DATA รถถึงเส้นหลัก KKN'!AH:AH),"") | K20: =IFERROR(_xlfn.XLOOKUP(E20,'DATA รถถึงเส้นหลัก KKN'!C:C,'DATA รถถึงเส้นหลัก KKN'!AI:AI),"") | L20: =_xlfn.XLOOKUP(E20,'DATA รถถึงเส้นหลัก KKN'!B:B,'DATA รถถึงเส้นหลัก KKN'!CL:CL) -> #N/A | M20: =IFERROR(_xlfn.XLOOKUP(E20,'DATA รถถึงเส้นหลัก KKN'!C:C,'DATA รถถึงเส้นหลัก KKN'!AJ:AJ),"") | N20: =M20+TIME(2,0,0) -> #VALUE! | O20: =IFERROR(_xlfn.XLOOKUP(E20,'DATA รถถึงเส้นหลัก KKN'!C:C,'DATA รถถึงเส้นหลัก KKN'!AU:AU),"") | P20: =IFERROR(_xlfn.XLOOKUP(E20,'DATA รถถึงเส้นหลัก KKN'!C:C,'DATA รถถึงเส้นหลัก KKN'!AW:AW),"") | Q20: =IFERROR(_xlfn.XLOOKUP(E20,'DATA รถถึงเส้นหลัก KKN'!C:C,'DATA รถถึงเส้นหลัก KKN'!AX:AX),"") | R20: =IFERROR(Q20-P20,0) -> 0 | S20: =IFERROR(_xlfn.XLOOKUP(E20,'DATA รถถึงเส้นหลัก KKN'!C:C,'DATA รถถึงเส้นหลัก KKN'!T:T),0) -> 0 | T20: =IF(Q20>0,"卸完货 ลงพัสดุเสร็จ",IF(OR(M20>0,O20>0,P20>0),"正在卸货 กำลังลงพัสดุ",IF(OR(J20>0,K20>0),"在途 รถยังไม่ถึง",""))) -> 卸完货 ลงพัสดุเสร็จ | Y20: 13313
B21: 17 | C21: =_xlfn.XLOOKUP(E21,'DATA รถถึงเส้นหลัก KKN'!C:C,'DATA รถถึงเส้นหลัก KKN'!D:D) -> #N/A | D21: =_xlfn.XLOOKUP(E21,'DATA รถถึงเส้นหลัก KKN'!C:C,'DATA รถถึงเส้นหลัก KKN'!A:A) -> #N/A | E21: {=INDEX('DATA รถถึงเส้นหลัก KKN'!C:C,ROW()-3)} -> 0 | F21: =_xlfn.XLOOKUP(E21,'DATA รถถึงเส้นหลัก KKN'!C:C,'DATA รถถึงเส้นหลัก KKN'!BE:BE) -> #N/A | G21: =_xlfn.XLOOKUP(E21,'DATA รถถึงเส้นหลัก KKN'!C:C,'DATA รถถึงเส้นหลัก KKN'!G:G) -> #N/A | H21: =_xlfn.XLOOKUP(E21,'DATA รถถึงเส้นหลัก KKN'!C:C,'DATA รถถึงเส้นหลัก KKN'!J:J) -> #N/A | I21: =_xlfn.XLOOKUP(E21,'DATA รถถึงเส้นหลัก KKN'!C:C,'DATA รถถึงเส้นหลัก KKN'!AN:AN) -> #N/A | J21: =IFERROR(_xlfn.XLOOKUP(E21,'DATA รถถึงเส้นหลัก KKN'!C:C,'DATA รถถึงเส้นหลัก KKN'!AH:AH),"") | K21: =IFERROR(_xlfn.XLOOKUP(E21,'DATA รถถึงเส้นหลัก KKN'!C:C,'DATA รถถึงเส้นหลัก KKN'!AI:AI),"") | L21: =_xlfn.XLOOKUP(E21,'DATA รถถึงเส้นหลัก KKN'!B:B,'DATA รถถึงเส้นหลัก KKN'!CL:CL) -> #N/A | M21: =IFERROR(_xlfn.XLOOKUP(E21,'DATA รถถึงเส้นหลัก KKN'!C:C,'DATA รถถึงเส้นหลัก KKN'!AJ:AJ),"") | N21: =M21+TIME(2,0,0) -> #VALUE! | O21: =IFERROR(_xlfn.XLOOKUP(E21,'DATA รถถึงเส้นหลัก KKN'!C:C,'DATA รถถึงเส้นหลัก KKN'!AU:AU),"") | P21: =IFERROR(_xlfn.XLOOKUP(E21,'DATA รถถึงเส้นหลัก KKN'!C:C,'DATA รถถึงเส้นหลัก KKN'!AW:AW),"") | Q21: =IFERROR(_xlfn.XLOOKUP(E21,'DATA รถถึงเส้นหลัก KKN'!C:C,'DATA รถถึงเส้นหลัก KKN'!AX:AX),"") | R21: =IFERROR(Q21-P21,0) -> 0 | S21: =IFERROR(_xlfn.XLOOKUP(E21,'DATA รถถึงเส้นหลัก KKN'!C:C,'DATA รถถึงเส้นหลัก KKN'!T:T),0) -> 0 | T21: =IF(Q21>0,"卸完货 ลงพัสดุเสร็จ",IF(OR(M21>0,O21>0,P21>0),"正在卸货 กำลังลงพัสดุ",IF(OR(J21>0,K21>0),"在途 รถยังไม่ถึง",""))) -> 卸完货 ลงพัสดุเสร็จ | Y21: 4777
B22: 18 | C22: =_xlfn.XLOOKUP(E22,'DATA รถถึงเส้นหลัก KKN'!C:C,'DATA รถถึงเส้นหลัก KKN'!D:D) -> #N/A | D22: =_xlfn.XLOOKUP(E22,'DATA รถถึงเส้นหลัก KKN'!C:C,'DATA รถถึงเส้นหลัก KKN'!A:A) -> #N/A | E22: {=INDEX('DATA รถถึงเส้นหลัก KKN'!C:C,ROW()-3)} -> 0 | F22: =_xlfn.XLOOKUP(E22,'DATA รถถึงเส้นหลัก KKN'!C:C,'DATA รถถึงเส้นหลัก KKN'!BE:BE) -> #N/A | G22: =_xlfn.XLOOKUP(E22,'DATA รถถึงเส้นหลัก KKN'!C:C,'DATA รถถึงเส้นหลัก KKN'!G:G) -> #N/A | H22: =_xlfn.XLOOKUP(E22,'DATA รถถึงเส้นหลัก KKN'!C:C,'DATA รถถึงเส้นหลัก KKN'!J:J) -> #N/A | I22: =_xlfn.XLOOKUP(E22,'DATA รถถึงเส้นหลัก KKN'!C:C,'DATA รถถึงเส้นหลัก KKN'!AN:AN) -> #N/A | J22: =IFERROR(_xlfn.XLOOKUP(E22,'DATA รถถึงเส้นหลัก KKN'!C:C,'DATA รถถึงเส้นหลัก KKN'!AH:AH),"") | K22: =IFERROR(_xlfn.XLOOKUP(E22,'DATA รถถึงเส้นหลัก KKN'!C:C,'DATA รถถึงเส้นหลัก KKN'!AI:AI),"") | L22: =_xlfn.XLOOKUP(E22,'DATA รถถึงเส้นหลัก KKN'!B:B,'DATA รถถึงเส้นหลัก KKN'!CL:CL) -> #N/A | M22: =IFERROR(_xlfn.XLOOKUP(E22,'DATA รถถึงเส้นหลัก KKN'!C:C,'DATA รถถึงเส้นหลัก KKN'!AJ:AJ),"") | N22: =M22+TIME(2,0,0) -> #VALUE! | O22: =IFERROR(_xlfn.XLOOKUP(E22,'DATA รถถึงเส้นหลัก KKN'!C:C,'DATA รถถึงเส้นหลัก KKN'!AU:AU),"") | P22: =IFERROR(_xlfn.XLOOKUP(E22,'DATA รถถึงเส้นหลัก KKN'!C:C,'DATA รถถึงเส้นหลัก KKN'!AW:AW),"") | Q22: =IFERROR(_xlfn.XLOOKUP(E22,'DATA รถถึงเส้นหลัก KKN'!C:C,'DATA รถถึงเส้นหลัก KKN'!AX:AX),"") | R22: =IFERROR(Q22-P22,0) -> 0 | S22: =IFERROR(_xlfn.XLOOKUP(E22,'DATA รถถึงเส้นหลัก KKN'!C:C,'DATA รถถึงเส้นหลัก KKN'!T:T),0) -> 0 | T22: =IF(Q22>0,"卸完货 ลงพัสดุเสร็จ",IF(OR(M22>0,O22>0,P22>0),"正在卸货 กำลังลงพัสดุ",IF(OR(J22>0,K22>0),"在途 รถยังไม่ถึง",""))) -> 卸完货 ลงพัสดุเสร็จ | Y22: 9028
... B109: 105 | C109: =_xlfn.XLOOKUP(E109,'DATA รถถึงเส้นหลัก KKN'!C:C,'DATA รถถึงเส้นหลัก KKN'!D:D) -> #N/A | D109: =_xlfn.XLOOKUP(E109,'DATA รถถึงเส้นหลัก KKN'!C:C,'DATA รถถึงเส้นหลัก KKN'!A:A) -> #N/A | E109: {=INDEX('DATA รถถึงเส้นหลัก KKN'!C:C,ROW()-3)} -> 0 | F109: =_xlfn.XLOOKUP(E109,'DATA รถถึงเส้นหลัก KKN'!C:C,'DATA รถถึงเส้นหลัก KKN'!BE:BE) -> #N/A | G109: =_xlfn.XLOOKUP(E109,'DATA รถถึงเส้นหลัก KKN'!C:C,'DATA รถถึงเส้นหลัก KKN'!G:G) -> #N/A | H109: =_xlfn.XLOOKUP(E109,'DATA รถถึงเส้นหลัก KKN'!C:C,'DATA รถถึงเส้นหลัก KKN'!J:J) -> #N/A | I109: =_xlfn.XLOOKUP(E109,'DATA รถถึงเส้นหลัก KKN'!C:C,'DATA รถถึงเส้นหลัก KKN'!AN:AN) -> #N/A | J109: =IFERROR(_xlfn.XLOOKUP(E109,'DATA รถถึงเส้นหลัก KKN'!C:C,'DATA รถถึงเส้นหลัก KKN'!AH:AH),"") | K109: =IFERROR(_xlfn.XLOOKUP(E109,'DATA รถถึงเส้นหลัก KKN'!C:C,'DATA รถถึงเส้นหลัก KKN'!AI:AI),"") | L109: =_xlfn.XLOOKUP(E109,'DATA รถถึงเส้นหลัก KKN'!B:B,'DATA รถถึงเส้นหลัก KKN'!CL:CL) -> #N/A | M109: =IFERROR(_xlfn.XLOOKUP(E109,'DATA รถถึงเส้นหลัก KKN'!C:C,'DATA รถถึงเส้นหลัก KKN'!AJ:AJ),"") | N109: =M109+TIME(2,0,0) -> #VALUE! | O109: =IFERROR(_xlfn.XLOOKUP(E109,'DATA รถถึงเส้นหลัก KKN'!C:C,'DATA รถถึงเส้นหลัก KKN'!AU:AU),"") | P109: =IFERROR(_xlfn.XLOOKUP(E109,'DATA รถถึงเส้นหลัก KKN'!C:C,'DATA รถถึงเส้นหลัก KKN'!AW:AW),"") | Q109: =IFERROR(_xlfn.XLOOKUP(E109,'DATA รถถึงเส้นหลัก KKN'!C:C,'DATA รถถึงเส้นหลัก KKN'!AX:AX),"") | R109: =IFERROR(Q109-P109,0) -> 0 | S109: =IFERROR(_xlfn.XLOOKUP(E109,'DATA รถถึงเส้นหลัก KKN'!C:C,'DATA รถถึงเส้นหลัก KKN'!T:T),0) -> 0 | T109: =IF(Q109>0,"卸完货 ลงพัสดุเสร็จ",IF(OR(M109>0,O109>0,P109>0),"正在卸货 กำลังลงพัสดุ",IF(OR(J109>0,K109>0),"在途 รถยังไม่ถึง",""))) -> 卸完货 ลงพัสดุเสร็จ | Y109: 0
R110: =AVERAGE(R5:R105) -> 0 | S110: =SUM(S5:S109) -> 0 | Y110: =SUM(Y5:Y109) -> 604195

Sheet DATA รถถึงเส้นหลัก KKN
A1: 任务单号 | B1: 任务状态 | C1: 任务名称 | D1: 干线类型 | E1: 业务属性 | F1: 班次 | G1: 运行模式 | H1: 计费方式 | I1: 任务类型 | J1: 车牌号 | K1: 车牌号/府 | L1: 挂车号/府 | M1: 车辆归属 | N1: 车辆产地 | O1: 司机姓名 | P1: 发车网点编码 | Q1: 发车网点名称 | R1: 装车开始时间 | S1: 装车结束时间 | T1: 装车票数 | U1: 装车时长(H) | V1: 封车时间 | W1: 待发车时间 | X1: 计划发车时间 | Y1: 实际发车时间 | Z1: 迟发时长(H) | AA1: 发车晚点 | AB1: 出站签到时间 | AC1: 计划经停时长(H) | AD1: 实际经停时长(H) | AE1: 经停延误时长(H) | AF1: 到车网点编码 | AG1: 到车网点名称 | AH1: 计划到达时间 | AI1: 预计到达时间 | AJ1: 实际到达时间 | AK1: 迟到时长(H) | AL1: 到车晚点 | AM1: 进站签到时间 | AN1: 承运商全名 | AO1: 承运商简称 | AP1: 承运商类型 | AQ1: 计划运输耗时(H) | AR1: 实际运输耗时(H) | AS1: 在途延误时长(H) | AT1: 运行是否晚点 | AU1: 解车时间 | AV1: 卸车排队时长(H) | AW1: 卸车开始时间 | AX1: 卸车结束时间 | AY1: 卸车票数 | AZ1: 卸车时长(H) | BA1: 票均卸车时长 | BB1: 参考线路编码 | BC1: 参考线路名称 | BD1: 是否网点直发 | BE1: 规划车型 | BF1: 实际车型 | BG1: 核定载重(kg) | BH1: 核载容积(m³) | BI1: 车门数 | BJ1: 里程(km) | BK1: 加班类型 | BL1: 加班原因说明 | BM1: 报价模式 | BN1: 加班价格编码 | BO1: 到车省份 | BP1: 原正班承运商 | BQ1: 审核状态 | BR1: 审核备注 | BS1: 审核人

Sheet DATA เบอร์
A1: ประเภทการตอกบัตรรถถึง | B1: หมายเลขมอบหมายงาน | C1: ชื่อเส้นทาง | D1: หมายเลขทะเบียนรถ | E1: หมายเลขทะเบียนรถ/จังหวัด | F1: ลำดับที่จอด | G1: ชื่อสาขา | H1: เวลาลงชื่อเข้าใช้ | I1: ลองติจูด | J1: ละติจูด | K1: เบอร์โทรศัพท์มือถือ | L1: 微信openid | M1: หมายเลขอุปกรณ์ | N1: ชื่อผู้ที่จัดทำ | O1: เวลาที่สร้าง | P1: ที่มา | Q1: ชื่อRGM
A2: 签到到车/ยืนยันรถถึง | B2: DKGX24040200536 | C2: SPK-NMA2030(1班/รอบที่1) | D2: 74-1986 | E2: 74-1986 | F2: 2 | G2: NMA_GW | H2: 2024-04-03 00:07:35 | I2: 102.1520821 | J2: 14.9076275 | K2: 0928507998 | M2: be07704554a881ca | N2: กิตติพงษ์ | O2: 2024-04-03 00:07:35 | P2: Android | Q2: RGM090
A3: 签到发车/ยืนยันปล่อยรถ | B3: DKGX24040300491 | C3: NMA-PLK0030(1班/รอบที่1) | D3: 67-4993 | E3: 67-4993/กรุงเทพมหานคร | F3: 1 | G3: NMA_GW | H3: 2024-04-03 00:24:17 | I3: 102.15159333333334 | J3: 14.907488333333333 | K3: 0986680421 | M3: 034067cd377e71f5 | N3: วันชัย | O3: 2024-04-03 00:24:17 | P3: Android | Q3: RGM090
A4: 签到发车/ยืนยันปล่อยรถ | B4: WFGX24040300399 | C4: NMA-SRN_D0100(3班/รอบที่3) | D4: 72-7164 | E4: 72-7164/สมุทรปราการ | F4: 1 | G4: NMA_GW | H4: 2024-04-03 00:46:01 | I4: 102.15205212 | J4: 14.90714203 | K4: 0616327552 | M4: 43431769a83e86f9 | N4: กิติศีกดิ์ | O4: 2024-04-03 00:46:01 | P4: Android | Q4: RGM090
A5: 签到到车/ยืนยันรถถึง | B5: DKGX24040200303 | C5: AYA-NMA2100(3班/รอบที่3) | D5: 70-6786 | E5: 70-6786 | F5: 2 | G5: NMA_GW | H5: 2024-04-03 00:50:09 | I5: 102.1519668 | J5: 14.9076759 | K5: 0624735408 | M5: ff454c8a8d33b264 | N5: ชนะศักคิ์ | O5: 2024-04-03 00:50:09 | P5: Android | Q5: RGM090
A6: 签到发车/ยืนยันปล่อยรถ | B6: DKGX24040300036 | C6: NMA-PLK0130(2班/รอบที่2) | D6: 73-8959 | E6: 73-8959 | F6: 1 | G6: NMA_GW | H6: 2024-04-03 01:08:32 | I6: 102.15204999999999 | J6: 14.907406666666668 | K6: 0842362026 | M6: 41a2506e77004b6b | N6: นพดล | O6: 2024-04-03 01:08:32 | P6: Android | Q6: RGM090
A7: 签到发车/ยืนยันปล่อยรถ | B7: DKGX24040300163 | C7: NMA-SPK0130(4班/รอบที่4) | D7: 70-6163 | E7: 70-6163 | F7: 1 | G7: NMA_GW | H7: 2024-04-03 01:14:15 | I7: 102.15216833333334 | J7: 14.907236666666666 | K7: 0917496125 | M7: cd33fba451718ca7 | N7: วิษณุ | O7: 2024-04-03 01:14:15 | P7: Android | Q7: RGM090
A8: 签到发车/ยืนยันปล่อยรถ | B8: DKGX24040300234 | C8: NMA-SKA0130(2班/รอบที่2) | D8: 67-6932 | E8: 67-6932/กรุงเทพมหานคร | F8: 1 | G8: NMA_GW | H8: 2024-04-03 01:17:56 | I8: 102.151599 | J8: 14.9074155 | K8: 0858697333 | M8: 536d42cad52327b9 | N8: สุนัน | O8: 2024-04-03 01:17:56 | P8: Android | Q8: RGM090
A9: 签到到车/ยืนยันรถถึง | B9: DBGX24040200326 | C9: AYA-NMA2300(4班/รอบที่4) | D9: 73-5822 | E9: 73-5822 | F9: 2 | G9: NMA_GW | H9: 2024-04-03 01:23:41 | I9: 102.151919 | J9: 14.907649 | K9: 0622400919 | M9: 8bc97bd29cb0f3a6 | N9: เพ็ง | O9: 2024-04-03 01:23:41 | P9: Android | Q9: RGM090
A10: 签到到车/ยืนยันรถถึง | B10: DKGX24040200014 | C10: SPK-NMA2130(2班/รอบที่2) | D10: 70-6072 | E10: 70-6072 | F10: 2 | G10: NMA_GW | H10: 2024-04-03 01:28:38 | I10: 102.1517898 | J10: 14.9075395 | K10: 0821391797 | M10: d79430ebc9dc6516 | N10: บรรจง | O10: 2024-04-03 01:28:38 | P10: Android | Q10: RGM090
A11: 签到发车/ยืนยันปล่อยรถ | B11: DKGX24040300133 | C11: NMA-AYA0200(5班/รอบที่5) | D11: 71-6753 | E11: 71-6753 | F11: 1 | G11: NMA_GW | H11: 2024-04-03 01:34:15 | I11: 102.15224939554831 | J11: 14.907232965682756 | K11: 0932391043 | M11: 4757baae65f1b33c | N11: อำนาจ | O11: 2024-04-03 01:34:15 | P11: Android | Q11: RGM090
A12: 签到到车/ยืนยันรถถึง | B12: DKGX24040200304 | C12: AYA-NMA2330(5班/รอบที่5) | D12: 70-5228 | E12: 70-5228 | F12: 2 | G12: NMA_GW | H12: 2024-04-03 02:21:22 | I12: 102.152596 | J12: 14.907534 | K12: 0630619435 | M12: e37b3e6cca726658 | N12: อนันต์ | O12: 2024-04-03 02:21:22 | P12: Android | Q12: RGM090
A13: 签到发车/ยืนยันปล่อยรถ | B13: DKGX24040300006 | C13: NMA-SNI0300(1班/รอบที่1) | D13: 67-4814 | E13: 67-4814/กรุงเทพมหานคร | F13: 1 | G13: NMA_GW | H13: 2024-04-03 02:27:05 | I13: 102.1518935 | J13: 14.907694 | K13: 0924466035 | M13: 36dfc111d472aba0 | N13: ไสว | O13: 2024-04-03 02:27:05 | P13: Android | Q13: RGM090
... A74: 签到发车/ยืนยันปล่อยรถ | B74: DKGX24040400156 | C74: NMA-SPK0130(4班/รอบที่4) | D74: 71-2644 | E74: 71-2644/นครราชสีมา | F74: 1 | G74: NMA_GW | H74: 2024-04-04 01:18:58 | I74: 102.1520534 | J74: 14.9071805 | K74: 0817250410 | M74: 12553a062e3e29b3 | N74: ทศพร | O74: 2024-04-04 01:18:58 | P74: Android | Q74: RGM090

Sheet วิธีการดึง
C3: 1.干线到车 รถถึงสายหลัก วิธีดึง | F3: เลือกเวลา เช่น ทำวันที่ 25 เลือกเวลาเป็น วันที่ 24 12.00.00 - วันที่ 25 11.59.59
C26: 2.เบอร์โทรคนขับ | E26: เลือกเวลา เช่น ทำวันที่ 25 เลือกเวลาเป็น วันที่ 24 00.00.00 - วันที่ 25 23.59.59
C49: 3.รถเสริม | D49: กรอกข้อมูลรถเสริมในช่อง DATA รถถึงเส้นหลัก - ลักษณะธุรกิจ - 加班/ทำงานล่วงเวลา

Sheet แผ่นงาน6
I9: 2024-06-02 02:33:27

Sheet แผ่นงาน7
H7: สลับใบบรรจุ | K7: เอาขึ้นผิด
H8: 184 | K8: 2314
H9: 9694 | K9: 706
H10: 8935
H11: 2564
H12: 3032
H13: 7614
H14: 5753
H15: 7184
H16: 3690
H17: 5695
H18: 706
